id|platforms|genres|rating|title|url|star|content|author|n_ratings|cover
26682759|PC / PS4 / Xbox One|游戏 / 角色扮演 / 冒险 / 动作|9.7|巫师3：狂猎 血与酒 The Witcher 3: Wild Hunt - Blood and Wine|https://www.douban.com/game/26682759/|50|请购买steam正版吧，你会发现cdp公司需要玩家的支持，而他们的定价之低，游戏耐玩度精致度之高，根本就太不对劲了。|墨梓|3958|https://img1.doubanio.com/lpic/s29296639.jpg
27599942|Nintendo Switch|游戏 / 冒险 / 动作|9.7|塞尔达传说 旷野之息 - 英杰们的诗篇 ゼルダの伝説 ブレス オブ ザ ワイルド 英傑たちの詩|https://www.douban.com/game/27599942/|50|能回头看看Mipha就值回票价|Simbelmynë|562|https://img1.doubanio.com/lpic/s29663617.jpg
26968414|GB|游戏 / 横版过关 / 动作|9.6|超级马里奥兄弟DX スーパーマリオブラザーズデラックス|https://www.douban.com/game/26968414/|50|想玩是个大麻烦|夜雨声烦|25|https://img3.doubanio.com/lpic/s29683066.jpg
10794117|PS3|游戏 / 射击 / 冒险 / 动作|9.6|最后生还者 The Last of Us|https://www.douban.com/game/10794117/|50|豆瓣再加一个看过的选项吧，这么多视频通关的人，麻烦不要选玩过。|沉默的船|2894|https://img1.doubanio.com/lpic/s28313317.jpg
21355730|PC / PS4 / Xbox One|游戏 / 卡牌 / 角色扮演 / 冒险 / 动作|9.6|巫师3：狂猎 The Witcher 3: Wild Hunt|https://www.douban.com/game/21355730/|50|我买到了一个世界|Jason_Chang|10587|https://img3.doubanio.com/lpic/s28081091.jpg
25889245|PS4|游戏 / 冒险 / 动作|9.6|最后生还者 重制版 The Last of Us Remastered|https://www.douban.com/game/25889245/|50|如果你身边的人把游戏理解为LoL与王者荣耀，那么仅仅让他们玩个序章就足以颠覆他们对游戏的三观|Fr.ayden|6265|https://img1.doubanio.com/lpic/s27285107.jpg
30245105|PC / PS4 / Xbox One|游戏 / 角色扮演 / 冒险 / 动作|9.6|只狼：影逝二度 SEKIRO: SHADOWS DIE TWICE|https://www.douban.com/game/30245105/|50|一星的那个有病？|染匠之手|590|https://img1.doubanio.com/lpic/s29960207.jpg
26815212|PS4 / Xbox One|游戏 / 冒险 / 动作|9.6|荒野大镖客：救赎2 Red Dead Redemption 2|https://www.douban.com/game/26815212/|50|有多少人给自己的马起名叫萝卜的？|yangJyao|3659|https://img1.doubanio.com/lpic/s29756927.jpg
10758454|PC / Mac|游戏 / 角色扮演 / 动作|9.6|暗黑破坏神2：毁灭之王 Diablo II: Lord of Destruction|https://www.douban.com/game/10758454/|50|"我是80后，玩这款游戏是上大学，寝室一台电脑，六个人。每人4个小时，大家练级比较。大冬天，我有一次抽签是0到4点。12点准时起来。穿2件棉袄。大学的记忆。
"|每天小努力|3610|https://img1.doubanio.com/lpic/s25809809.jpg
11504723|PC / PS4 / Xbox One / PS3 / Xbox 360|游戏 / 冒险 / 动作|9.6|侠盗猎车手5 Grand Theft Auto V|https://www.douban.com/game/11504723/|50|小富作为穷人，金钱就是他的梦想。老麦作为罪犯，和平安稳的生活就是他的梦想。老崔作为一个情感有缺失的人，照顾兄弟和被熊第照顾就是他的梦想。|老頭樂|13386|https://img3.doubanio.com/lpic/s29296395.jpg
26954652|Nintendo Switch|游戏 / 冒险 / 动作|9.6|超级马力欧 奥德赛 スーパーマリオ オデッセイ|https://www.douban.com/game/26954652/|50|任天堂他妈的就是世界的主宰！|Yuri|6139|https://img1.doubanio.com/lpic/s29543798.jpg
14329485|Wii|游戏 / 动作|9.6|超级马里奥银河 スーパーマリオギャラクシー|https://www.douban.com/game/14329485/|50|这不是游戏，这是艺术。关卡设计数据库，动作游戏顶峰，无法想象高清之后的马银会达到何种程度。|redhousepainter|428|https://img3.doubanio.com/lpic/s28397842.jpg
10734300|PS4 / PS3 / Xbox 360 / PSP / PS / SS/世嘉土星|游戏 / 横版过关 / 角色扮演 / 动作冒险 / 动作|9.5|恶魔城X：月下夜想曲 悪魔城ドラキュラX 月下の夜想曲|https://www.douban.com/game/10734300/|50|90后。PS4重置版补坑。第一次玩但玩出了情怀。阿鲁卡多的信念足够有说服力。缺点是难度不足。|Alucard|1106|https://img3.doubanio.com/lpic/s9126621.jpg
26366574|3DS|游戏 / 冒险 / 动作|9.5|塞尔达传说：梅祖拉的假面3D ゼルダの伝説 ムジュラの仮面 3D|https://www.douban.com/game/26366574/|50|客观的说就是整个系列中最为高山景行的作品。3DS这个版本完全可以自给自足不依靠任何攻略了，只需注意进入最终阶段之前你会缺少4个心之碎片和1个面具，只要听不到成员情报就代表已经完全探索可以安心了。只是如果我没理解错，成员情报是3DS的新要素会直接在日程上加灰色时间，伤害了旅馆，邮局，当铺三个地方相应角色的攻略体验。为了一次打通迷宫紧张得不行的时候就打开地图暂停时间喘气，然后一个房间一个房间的分析线路和推测小妖精。第一天早上进迷宫第三天早上出来，然后门口羽毛存档点存档使劲找剩下的一两个小妖精，只有最后一个迷宫用光了魔力从中间读档重新开始。最惊险的几次，一次还剩几个小时才刚刚从要啥给啥洞里爬出来，一次第三天晚上才进海盗营地在下水道里勇敢坚持快完蛋了才拿到实用道具。闲逛了一会最后游戏时间是72小时。|小破仑。建造中|242|https://img1.doubanio.com/lpic/s28048478.jpg
26927545|PS4|游戏 / 射击 / 冒险 / 动作|9.5|最后生还者 2 The Last of Us Part II|https://www.douban.com/game/26927545/|50|不是，1的dlc已经挑明了艾莉是蕾丝，现在播片给你看接吻你就受不了了？还一口一个政治正确，有毛病？|宇宙拖拉机|91|https://img3.doubanio.com/lpic/s29700633.jpg
10735092|PC / Mac|游戏 / 角色扮演 / 动作|9.5|暗黑破坏神2 Diablo 2|https://www.douban.com/game/10735092/|50|我总觉得，dioblo2重做一下画面就能拿来再骗钱了|老防汛员阿滋猫|4824|https://img3.doubanio.com/lpic/s10414066.jpg
26961929|PC / PS4 / Xbox One|游戏 / 角色扮演 / 冒险 / 动作|9.5|黑暗之魂3：环印城 Dark Soul III: The Ringed City|https://www.douban.com/game/26961929/|50|无限猴子定理：如果让无数只猴子在电脑前随机地滚键盘，那么在无限的时间跨度里，总有一只可以通关黑魂3火灭版。灰烬大人，您真的是只特别的猴子呢。|李闰土骨灰撒海|602|https://img1.doubanio.com/lpic/s29304537.jpg
27005567|PC / PS4 / Xbox One|游戏 / 角色扮演 / 冒险 / 动作|9.5|黑暗之魂3：薪火消逝 Dark Souls 3: The Fire Fades Edition|https://www.douban.com/game/27005567/|50|让葛雷瑞特去伊鲁席尔偷窃，因为我需要贤者烛台。本可以让帕奇或洋葱救他回来，但罪业之都里又有个啥需要的道具于是我先去推尤姆。后来发现小偷死在下水道粪坑里。捡走遗骨回祭侍场交给老婆婆想买烛台，当她说“怎么这骨头还是温润的”时，回忆起他听到女人死讯时的无助蜷缩，意识到自己已经是活尸了。|norve|336|https://img1.doubanio.com/lpic/s30026029.jpg
30429622|PC / PS4 / Xbox One|游戏 / 冒险 / 动作|9.5|生化危机2 1-Shot Resident Evil 2 1-Shot Demo|https://www.douban.com/game/30429622/|50|2019 AAVG|deus|52|https://img3.doubanio.com/lpic/s29975072.jpg
25795432|Wii U|游戏 / 动作|9.5|超级马里奥3D世界 スーパーマリオ 3Dワールド|https://www.douban.com/game/25795432/|50|全球媒体总评高达93分的神作，这个分数也是目前次世代3大平台上新作（不算复刻）中最高的。3DS《超级马里奥3D大陆》的全面升级版（除了没有3D显示），关卡设计新颖，场景色彩斑斓，难度循序渐进，最后皇冠关我死了大概200多次才通。除了boss战略显单调外，几乎没有缺点。|松山光|319|https://img3.doubanio.com/lpic/s29600826.jpg
21363025|Wii|游戏 / 动作|9.5|超级马里奥银河2 スーパーマリオギャラクシー 2|https://www.douban.com/game/21363025/|50|这是我玩过关卡设计最好最美丽的游戏。简直是艺术品。完全抑制不住射精的冲动。|松湯|259|https://img3.doubanio.com/lpic/s28397843.jpg
10735077|FC/NES/红白机|游戏 / 横版过关 / 动作|9.5|超级马里奥兄弟 スーパーマリオブラザーズ|https://www.douban.com/game/10735077/|50|蹬蹬蹬等蹬邓 等蹬凳等等蹬等蹬 等凳蹬邓等凳蹬 蹬。家喻户晓的金字招牌，几乎不玩游戏的也听过马里奥大叔的名号。任天堂游戏性的完全体现，可爱的形象，极佳的手感，巧妙的关卡设计，使人们刷新了游戏体验的认知，而这个系列也将逐渐壮大，一直发展下去。|Max·Planck|8287|https://img1.doubanio.com/lpic/s28394668.jpg
10741155|GBA|游戏 / 角色扮演 / 动作|9.5|塞尔达传说：缩小帽 ゼルダの伝説 ふしぎのぼうし|https://www.douban.com/game/10741155/|50|我是真的嫉妒任天堂。横版过关类型的《银河战士》里的关卡迷宫化设计和道具收集系统等诸多设计理念放到ARPG类型的《塞尔达传说》里却仍然适用，不，应该说是比《银河战士》更适用。迷宫设计的精巧和适时的变大变小的创意先放一边，单是对幸福碎片的收集，就足够让玩家忙上半天。“会有好事发生吗？”当然了，还有比玩到这种好游戏更好的事吗？果然，我还是嫉妒任天堂。|残响死灭|1125|https://img1.doubanio.com/lpic/s28398578.jpg
10734307|PC / Mac / PS3 / Xbox 360 / Linux|游戏 / 第一人称射击 / 益智 / 射击 / 动作|9.5|传送门 2 Portal 2|https://www.douban.com/game/10734307/|50|靠玩这个双人模式把了个妹。。|风过初凉|3016|https://img1.doubanio.com/lpic/s9090498.jpg
10767584|PC / PS3 / Xbox 360|游戏 / 角色扮演 / 冒险 / 动作|9.5|黑暗之魂 Dark Souls|https://www.douban.com/game/10767584/|50|结晶洞穴那里，在线模式，可以看到原来隐形的路被以前的玩家用留言铺出来了。一直只有很少几个npc的世界一下子变得特别特别感动|百舌之宴|1505|https://img1.doubanio.com/lpic/s27230838.jpg
26367960|PSV/PS Vita|游戏 / 角色扮演 / 动作|9.4|胧村正DLC第三弹 白蛇 元禄怪奇譚－七夜祟妖魔忍伝|https://www.douban.com/game/26367960/|50|香草社的翻身之作 只能说 真的很棒|visval|32|https://img3.doubanio.com/lpic/s29237782.jpg
26347117|PC / Mac / Linux|游戏 / 模拟 / 角色扮演 / 策略 / 动作|9.4|骑马与砍杀：战团 Mount & Blade: Warband|https://www.douban.com/game/26347117/|50|每个男人的心中都有一个戎马生涯的梦|玩世不恭|1529|https://img3.doubanio.com/lpic/s28047476.jpg
26417347|PC / PS4 / Xbox One|游戏 / 角色扮演 / 冒险 / 动作|9.4|黑暗之魂3  Dark Souls III|https://www.douban.com/game/26417347/|50|还记得那天午后。表哥走过来说我给你介绍一款割草无双类游戏吧。。。。|ssssss|3941|https://img3.doubanio.com/lpic/s29744205.jpg
10787895|FC/NES/红白机|游戏 / 角色扮演 / 体育 / 策略 / 动作|9.4|热血新纪录 びっくり熱血新記録！はるかなる金メダル|https://www.douban.com/game/10787895/|50|FC时代真正可以4人同乐的游戏，小学时代和好机友聚在一起时玩这游戏是固定娱乐之一。|玩酷子弟|654|https://img1.doubanio.com/lpic/s29462198.jpg
26817284|PS4|游戏 / 冒险 / 动作|9.4|战神 God of War|https://www.douban.com/game/26817284/|50|“儿子射死它！”“儿子救我！”“儿子快来翻译翻译！”“儿子你真棒～”“老子去踩血，儿子你先顶着。”“儿子你很臭屁哎！”“不准动我儿子！！！”……——《傲娇老父亲与战神儿子之亲自送妈大冒险回忆录》|一念無明|3379|https://img1.doubanio.com/lpic/s29521388.jpg
11620741|PC / PS4 / PS3|游戏 / 冒险 / 动作|9.4|风之旅人 Journey|https://www.douban.com/game/11620741/|50|游戏太棒了！就是傻屌如我以为突然出现的小伙伴是电脑自带的(･᷄ὢ･᷅)直到玩完收到对方给我发来的消息说一起度过了美妙的时光。一脸懵逼过了很久才反应过来…(⌯᷄௰⌯᷅)|多窜君|4486|https://img3.doubanio.com/lpic/s28395460.jpg
25931998|PC / PS4 / Xbox One|游戏 / 角色扮演 / 冒险 / 动作|9.4|赛博朋克 2077 Cyberpunk 2077|https://www.douban.com/game/25931998/|50|2077年，媒体公布最受期待游戏:《赛博朋克2077》《对马岛之鬼》《死亡搁浅》《骑砍2》《上古卷轴6》《半条命3》|叶湫忆|62|https://img3.doubanio.com/lpic/s29797324.jpg
20499450|PC / PS3 / Xbox 360|游戏 / 冒险 / 动作|9.4|生化奇兵：无限 BioShock: Infinite|https://www.douban.com/game/20499450/|50|这个游戏一开始玩的破解版，玩到一半，我把游戏删掉了😔，并非是因为不好玩，而是因为我要去steam买正版|吾三省|3273|https://img1.doubanio.com/lpic/s26018737.jpg
10754254|Xbox One / PS3 / Xbox 360 / PS2 / PSV/PS Vita / 3DS|游戏 / 射击 / 动作|9.4|合金装备索利德3：食蛇者 Metal Gear Solid 3: Snake Eater|https://www.douban.com/game/10754254/|50|"发现掌机上big boss做主角的作品最多，big boss明明也算是个恐怖主义分子的，可是掌机上的作品频繁在美化这个人物。
明白mgs3里面的上校，医疗武器专家们当初也没什么，貌似他们都是被big boss带坏的，发现山猫年轻时还真是青涩,和后期的白色长发酷老头相比力场差很多。"|longlong|619|https://img3.doubanio.com/lpic/s9122102.jpg
11611393|PS3 / Xbox 360|游戏 / 射击 / 角色扮演 / 冒险 / 动作|9.4|荒野大镖客：救赎 Red Dead Redemption|https://www.douban.com/game/11611393/|50|R 星用一己之力把整个游戏产业向前推了一个世代。|怀念小红莓|906|https://img1.doubanio.com/lpic/s11168247.jpg
10787897|FC/NES/红白机|游戏 / 乱斗/清版 / 格斗 / 角色扮演 / 动作|9.4|热血格斗传说 熱血格闘伝説|https://www.douban.com/game/10787897/|50|两个老虎BOSS最萌了~小时候玩的我手磨出个大泡|疯狂の夏虫|864|https://img3.doubanio.com/lpic/s28385683.jpg
27066095|PC / PS4 / Xbox One|游戏 / 冒险 / 动作|9.4|生化危机2：重制版 Resident Evil 2|https://www.douban.com/game/27066095/|50|今年的春节是在浣熊市度过的|珠树|1464|https://img3.doubanio.com/lpic/s29791400.jpg
25854071|FC/NES/红白机|游戏 / 横版过关 / 动作|9.4|超级马里奥兄弟3 スーパーマリオブラザーズ3|https://www.douban.com/game/25854071/|50|真正的神作，关卡设计、游戏元素之丰富、想象力之惊人，难度之适当，我个人觉得是系列最佳马里奥。（没玩过奥德赛）|Paplica|452|https://img3.doubanio.com/lpic/s27246791.jpg
10739257|PS2 / PSV/PS Vita|游戏 / 动作|9.4|战神2 God of War II|https://www.douban.com/game/10739257/|50|战神系列的第二部作品，奎爷在成为战神后，仍无法摆脱因曾错杀妻女而造成的内心折磨，于是他投入了更加无尽的战争当中。宙斯惧于奎爷的实力施手暗算，生还的奎爷在大地之母盖亚的指引下翻转时间，向奥林匹斯众神正面宣战！|胖大海|1294|https://img3.doubanio.com/lpic/s9099791.jpg
25905436|PS4|游戏 / 射击 / 冒险 / 动作|9.4|神秘海域4：盗贼末路 Uncharted 4: A Thief's End|https://www.douban.com/game/25905436/|50|走哪儿哪儿踏，撞啥啥垮，去哪儿哪儿炸，徒手攀岩能翻山，立定跳远能过河，文能手绘武能爆头，久经考验的盗宝大师，人类遗迹的共同敌人，内森德雷克先生，再见啦。|海米|5582|https://img1.doubanio.com/lpic/s29294297.jpg
10747851|PC / Mac / Android / Linux|游戏 / 第一人称射击 / 益智 / 射击 / 冒险 / 动作|9.4|传送门 Portal|https://www.douban.com/game/10747851/|50|有一个很二逼的炮台，一直说“I‘m different.” 我超级喜欢他，救下了他，带着他走了很久很久，听他BB，然后通过一个安全门的时候他被门清除了。我愣在电脑面前五分钟。|ｃhecｙ㍿˙Ꙫ˙|1755|https://img3.doubanio.com/lpic/s10414010.jpg
30187351|PC|游戏 / 格斗 / 模拟 / 角色扮演 / 冒险 / 策略 / 动作|9.4|骑马与砍杀：战团——16世纪北半球 16th Century the-Northern Hemisphere|https://www.douban.com/game/30187351/|50|16th，世界发现的的历史|大肚子海盗|39|https://img3.doubanio.com/lpic/s29732494.jpg
25961411|PS4|游戏 / 冒险 / 动作|9.4|P.T.|https://www.douban.com/game/25961411/|50|小岛自己说过本次作品就是以吓尿玩家为目标，以视频效果来看，他超标了。|木头菌|767|https://img1.doubanio.com/lpic/s28264428.jpg
26906771|PC|游戏 / 策略 / 动作|9.4|湖边小屋 合集版  Lakeview Cabin Collection|https://www.douban.com/game/26906771/|50|威尔逊：自从玩了这个游戏，心理逐渐扭曲|♉︎|51|https://img1.doubanio.com/lpic/s29131038.jpg
27028686|PC|游戏 / 角色扮演 / 动作|9.4|古剑奇谭三：梦付千秋星垂野|https://www.douban.com/game/27028686/|50|"不能无脑过BOSS就是难度高，还理直气壮的无视游戏质量给低分。
这游戏你用普通难度，打BOSS失败了就动动脑筋想对策，根本就没有什么过不去的，甚至有些找到方法还超简单。
但有那么一小撮人就是不乐意，就想着一命通关，药也懒得捡，BOSS攻击套路懒得记，自身操作水平不想提高。
从前回合制的时候抱怨国产没操作性只能看剧情，说只看剧情为什么不去看电影。古剑也被嘲讽是电视剧里插播游戏。
现在古剑朝着巫师老滚的方向这么认真的努力了一把。好了，你们又懒得花心思去玩，又说玩国产就是为了看剧情来的，为什么操作性做的这么强。
反正好坏话都由你们说。按你们的意思，最好国产全都像泰坦六那样粉丝间自娱自乐好了。也别提什么游戏性成就感，永远没啥难度，出了新作随便打打看完剧情就好了。
这些年国产单机都养了些什么巨婴玩家啊"|张孤山|3638|https://img3.doubanio.com/lpic/s29943880.jpg
26946739|PC / Xbox One|游戏 / 冒险 / 动作|9.4|奥里与迷失森林：终极版 Ori and the Blind Forest: Definitive Edition|https://www.douban.com/game/26946739/|50|豆瓣真是什么人都有，因为持有残疾证所以打一星🌚理由充分!活久见!|烫手的山芋|277|https://img3.doubanio.com/lpic/s29255216.jpg
22436624|SFC/SNES/超任|游戏 / 横版过关 / 射击 / 冒险 / 动作|9.4|超级银河战士 スーパーメトロイド|https://www.douban.com/game/22436624/|50|经典|木星|78|https://img1.doubanio.com/lpic/s25980399.jpg
26417345|PC|游戏 / 益智 / 动作|9.4|警察抓小偷（淘金者） LODERUNN|https://www.douban.com/game/26417345/|50|小时候跟弟弟表弟一起玩的游戏，印象中第一个电脑游戏。怀念的不是游戏，是跟弟弟亲密的时光，后来不再有了。一直想重新下载一个，但是都找不到|Zoe|33|https://img3.doubanio.com/lpic/s28101875.jpg
10876572|PS|游戏 / 横版过关 / 冒险 / 动作|9.4|古惑狼3 Crash Bandicoot 3: Warped|https://www.douban.com/game/10876572/|50|PS1古惑狼三部曲中最后一作，画面有了大幅提升，影子也不再是前作的一个黑圆盘，动作也更丰富。|功夫老李|98|https://img3.doubanio.com/lpic/s10479145.jpg
10751917|PC / PS2 / NGC/GameCube|游戏 / 射击 / 动作|9.3|杀手 7 Killer 7|https://www.douban.com/game/10751917/|50|最喜欢的ps2游戏！找不到第二个！|siugat|43|https://img3.doubanio.com/lpic/s9118175.jpg
26973112|PC / Mac / PS4 / Xbox One / Nintendo Switch / Linux|游戏 / 横版过关 / 角色扮演 / 冒险 / 动作|9.3|空洞骑士 Hollow Knight|https://www.douban.com/game/26973112/|50|伟大的墨西哥人民在此|monkeydtree|1730|https://img3.doubanio.com/lpic/s29860731.jpg
10735222|Wii / PS2|游戏 / 冒险 / 动作|9.3|大神|https://www.douban.com/game/10735222/|50|你经过你地方都会开花，你去过的地方都会被净化。|馬鹿王子様|802|https://img1.doubanio.com/lpic/s9090978.jpg
25896767|PS3|游戏 / 角色扮演 / 冒险 / 动作|9.3|恶魔之魂 Demon's Souls|https://www.douban.com/game/25896767/|50|这才是真正的次世代恶魔城|Verlaat|226|https://img3.doubanio.com/lpic/s27308913.jpg
26339684|GBA|游戏 / 横版过关 / 射击 / 冒险 / 动作|9.3|银河战士：融合 メトロイド フュージョン|https://www.douban.com/game/26339684/|50|"『融合』手感和流程比『超级银河战士』更流畅，提示丰富让玩家不再浪费时间，但同时也少了以前的孤独、微微恐惧地探索感。
几个 Boss 站设计得很硬核，找到了久违的：挑战－失败－总结－再挑战的感觉。
近几年，玩的最佳2D ACT。"|link shaw|178|https://img1.doubanio.com/lpic/s28397127.jpg
10772024|PC|游戏 / 即时战略 / 动作|9.3|地下城守护者2 Dungeon Keeper 2|https://www.douban.com/game/10772024/|50|EA你丫赔我牛蛙!|史前物種做不到|160|https://img3.doubanio.com/lpic/s24458794.jpg
27663464|PC / PS4 / Xbox One / Nintendo Switch|游戏 / 角色扮演 / 动作|9.3|黑暗之魂 重置版 Dark Souls Remastered|https://www.douban.com/game/27663464/|50|"忍不住了！必须进来港一下！虽然我给原版打了五星，但是混沌温床绝对是我见过的最无聊、最偷懒、最恶心的boss。
我初见的时候先打了左边，结果右边死活过不去了，那天我花了四五个小时才把这崽种给干了，这四五个小时里没有丝毫“我变强了”的体验，靠运气过了以后我也没有感觉到胜利的喜悦带来的肾上腺素分泌的快感，只有“把这崽种从屏幕里拉出来打一百拳”的愤怒。最要命的是连从篝火到雾门前的这段路的场景美术都让人感觉到生理性的不适以至于我都PTSD了，时隔三年再次来到混沌废都伊扎里斯的时候仍然能感觉到阵阵反胃。魂系列三部曲加上血源诅咒，能恶心到我的boss只有他一个。我被科斯的孤儿或者盖尔爷爷虐一百遍都不嫌多，也不愿意再看这个傻逼boss一眼。"|SirenNSailor|598|https://img1.doubanio.com/lpic/s29664198.jpg
19898237|PC / Mac / Linux|游戏 / 动作 / 第一人称射击|9.3|半条命2：第二章 Half-Life 2: Episode Two|https://www.douban.com/game/19898237/|50|然后就没有然后了|雪龙|428|https://img1.doubanio.com/lpic/s29683597.jpg
10758483|PC / Mac / Xbox One / PS3 / Xbox 360|游戏 / 冒险 / 动作|9.3|刺客信条 2 Assassin's Creed II|https://www.douban.com/game/10758483/|50|这是我玩过的第一个版本的刺客信条！停不下来！！！|JonnyPeng|5107|https://img3.doubanio.com/lpic/s9131462.jpg
30340861|PS4|游戏 / 冒险 / 动作|9.3|太空機器人：救援任務 ASTRO BOT: RESCUE MISSION|https://www.douban.com/game/30340861/|50|史上最佳VR游戏，买PSVR而不买这个的可以去退货了！！|jiaqi|34|https://img3.doubanio.com/lpic/s29884222.jpg
10754652|PC / Mac / PS3 / Xbox 360|游戏 / 冒险 / 动作|9.3|刺客信条：兄弟会 Assassin's Creed: Brotherhood|https://www.douban.com/game/10754652/|50|后来我真正到了罗马，发现一切好像都似曾相识。|张眼|3801|https://img1.doubanio.com/lpic/s10191687.jpg
26347691|GBA|游戏 / 迷你游戏集合 / 益智 / 动作|9.3|瓦里奥制造大回转 まわるメイド イン ワリオ|https://www.douban.com/game/26347691/|50|当时买不起正版的我看各种测评流口水。|Saila|54|https://img1.doubanio.com/lpic/s28402838.jpg
11629339|PC|游戏 / 文字冒险 / 角色扮演 / 动作|9.3|BALDR SKY Dive2“RECORDARE”|https://www.douban.com/game/11629339/|50|1、三年的怨念（抹泪） 2、要是能拿出抹布拉布三年磨一剑那种决心来做或许不会那么急就章，也不会有那么多瑕疵。可惜了这格局和大纲。卑影你功力还有待提高啊…… 3、确实可以战个痛但这种剧情不够战斗来凑的灌水法真是反面教材。PS：武器不知他们怎么翻的我很好奇啊wwwww|[已注销]|82|https://img3.doubanio.com/lpic/s11290531.jpg
27202581|Nintendo Switch|游戏 / 冒险 / 动作|9.3|耀西的手工世界 ヨッシー クラフトワールド|https://www.douban.com/game/27202581/|50|玩了demo第一关，内心融化了。|蘇捌|30|https://img1.doubanio.com/lpic/s29971478.jpg
30396145|Wii U / Nintendo Switch|游戏 / 大型多人在线 / 射击 / 动作|9.3|喷射战士2：章鱼扩展包 Splatoon 2: Octo Expansion|https://www.douban.com/game/30396145/|50|太好玩了一边吃章鱼小丸子一边留下感动泪水|肉松撕裂者|28|https://img3.doubanio.com/lpic/s29940781.jpg
11504773|PC|游戏 / 动作|9.3|天地劫 神魔至尊传|https://www.douban.com/game/11504773/|50|如果要我选最好的三部国产游戏，神魔至尊传绝对是其中之一，与仙一和天之痕可以媲美，战棋类游戏的巅峰之作，没有之一。战斗系统设置得太好了，每个人物都有自己的战斗和技能特点，各种隐藏任务和宝物增加了可玩性，背景音乐太赞，还有那变态的难度，简直对新玩家太不友好了，但是依然玩得屁颠屁颠，五星|和氏璧|238|https://img3.doubanio.com/lpic/s11096465.jpg
10781540|iPhone / iPad / PSP|游戏 / 角色扮演 / 动作|9.3|怪物猎人P2G モンスターハンターポータブル 2nd G|https://www.douban.com/game/10781540/|50|＂等下數學課聯機打迅龍吧XD＂＂好啊好啊XD＂ |[已注销]|1369|https://img1.doubanio.com/lpic/s29432777.jpg
20505380|PC|游戏 / 即时战略 / 策略 / 动作|9.3|英雄连：勇气传说 Company of Heroes: Tales of Valor|https://www.douban.com/game/20505380/|50|学生时代，那个让自己激动的二战时代，最好的二战策略类游戏！|elamisi12|221|https://img3.doubanio.com/lpic/s24593575.jpg
11605061|PSP|游戏 / 角色扮演 / 策略 / 动作|9.3|怪物猎人P2 モンスターハンターポータブル 2nd|https://www.douban.com/game/11605061/|50|这算是高考完那年分手的主要原因了。估计1000小时上下吧|你妈突然|387|https://img1.doubanio.com/lpic/s29432718.jpg
20423893|PC / PS3 / Xbox 360|游戏 / 格斗 / 角色扮演 / 冒险 / 动作|9.3|南方公园：真理之杖 South Park: The Stick of Truth|https://www.douban.com/game/20423893/|50|黑曜石工作室操刀，二老亲自监督的游戏果然区别于一般随大流的游戏，游戏中可以看到很多剧集中出现的梗，甚至直接沿用的主机战争那三集的设定。除开一些令审查机构无法忍受以至于不得不黑屏的片段，这款游戏作为RPG来说是非常令人满意的。可影响发展的分支选择，丰富且并不重复的收集要素，节奏紧凑并别具一格的战斗，当然，以及一个非常非常非常南方公园式的故事。什么？你说有爆菊，有堕胎，还有纳粹？没有你玩个鸡毛的南方公园？|风雨骑老师|1287|https://img1.doubanio.com/lpic/s27244467.jpg
27066098|PC / PS4 / Xbox One|游戏 / 冒险 / 动作|9.3|鬼泣5 Devil May Cry 5|https://www.douban.com/game/27066098/|50|温情家庭伦理片《恶魔一家人》，父慈子孝，兄弟和睦，打架都是打着玩的。|丧失书宇兽|1081|https://img3.doubanio.com/lpic/s29816994.jpg
26366248|PS2 / PSV/PS Vita|游戏 / 动作|9.3|战神 God of War|https://www.douban.com/game/26366248/|50|小学的时候在PSP玩通关的，一直爱的不得了，但是后来PSP就丢了...|顗禮|1488|https://img3.doubanio.com/lpic/s9099790.jpg
20394040|FC/NES/红白机|游戏 / 横版过关 / 动作|9.3|松鼠大作战2 チップとデールの大作戦2|https://www.douban.com/game/20394040/|50|撕逼游戏，手残如我总被我妹举起来通关。|Hideo|1089|https://img3.doubanio.com/lpic/s29258411.jpg
25922096|PC / Mac / iPhone / iPad / Android / PS4 / Xbox One / PS3 / Xbox 360 / Nintendo Switch|游戏 / 横版过关 / 冒险 / 动作|9.3|勇敢的心：世界大战 Valiant Hearts: The Great War|https://www.douban.com/game/25922096/|50|我们每次调侃育碧的BUG，缩水和跳票的时候，其实都没有想过育碧在推动原创游戏和独立游戏发展方面的贡献。有人说小游戏形态的育碧是站在业界之巅的，此话不假。本作无论是游戏解谜设计，剧情，人物，场景，音乐，乃至于收集要素的种种丰富细节，都让人叹为观止。一战题材是游戏界鲜有人及的领域，但育碧这一次没有创作一个身手矫健的战争英雄， 而是聚焦四个不同民族，肤色和职业的平凡人物，以及他们在无情战争中交织的命运。从立意上来讲，本作远远高于我们熟知的那些FPS。画风轻松，主题沉重，战争是为了和平，我们应该庆幸自己没有处于那些朝不保夕的日子，并敬重那些为了国家献出生命的每一位士兵，每一位。|风雨骑老师|3285|https://img3.doubanio.com/lpic/s27318593.jpg
26345553|PC / Xbox One|游戏 / 横版过关 / 动作|9.3|奥里与迷失森林 Ori and the Blind Forest|https://www.douban.com/game/26345553/|50|Ori是近几年最好的游戏之一，开场就一股世外桃源的磅礴之气扑面袭来。进入正题后，证明了它不仅仅是倚仗着震慑人心的画面和配乐而已。反弹敌炮的技能极具创意。围绕各种技能设计的谜题极度精巧。Ori比月下更经典，而游戏时长如此之长却还能保持每几分钟就有新的游戏性，使它当之无愧新时代的经典|TimmyH|1752|https://img1.doubanio.com/lpic/s28050969.jpg
26341675|PC / PS4 / PS3|游戏 / 角色扮演 / 动作|9.3|如龙0 誓言的场所 龍が如く0 誓いの場所|https://www.douban.com/game/26341675/|50|其实豆瓣游戏里面少一个“看过”的选项|milanow|1964|https://img1.doubanio.com/lpic/s28062437.jpg
10751622|PC / Mac / Xbox / Linux|游戏 / 动作 / 第一人称射击|9.3|反恐精英 Counter-Strike|https://www.douban.com/game/10751622/|50|总有些经典，无需加之一。|喵先生不吃肉|6656|https://img3.doubanio.com/lpic/s9129292.jpg
10754941|FC/NES/红白机 / Arcade/街机|游戏 / 横版过关 / 动作|9.3|松鼠大作战 チップとデールの大作戦|https://www.douban.com/game/10754941/|50|把另一只砸晕然后害的他被BOSS弄死一直是最大的乐趣|vansei|2296|https://img3.doubanio.com/lpic/s28000381.jpg
26592854|PC / Mac|游戏 / 射击 / 角色扮演 / 冒险 / 动作|9.2|以撒的燔祭：羔羊的愤怒 The Binding of Isaac: Wrath of the Lamb|https://www.douban.com/game/26592854/|50|原版更魔性|Rorschach|158|https://img3.doubanio.com/lpic/s29487434.jpg
21980464|MD/世嘉五代|游戏 / 射击 / 动作|9.2|魂斗罗：铁血军团 魂斗羅ザ・ハードコア|https://www.douban.com/game/21980464/|50|最爽的魂斗罗，没有之一——不知道为什么不少系列作品中素质最高的都是外传，比如生化的维罗妮卡|liubinyan|228|https://img3.doubanio.com/lpic/s29054943.jpg
10739259|PS4 / PS3|游戏 / 动作|9.2|战神3 God of War III|https://www.douban.com/game/10739259/|50|几乎没有语言来形容这样一部神作|月兔捣年糕|1657|https://img1.doubanio.com/lpic/s28584017.jpg
11501845|PC|游戏 / 即时战略 / 策略 / 动作|9.2|英雄连 Company of Heroes|https://www.douban.com/game/11501845/|50|其实和《战争之人：突击小队》差不多，但每段的动画做的还不错，尤其开场那段奥马哈海滩的，很有电影的感觉|晚安好运©|560|https://img1.doubanio.com/lpic/s10213668.jpg
10749581|PC / PS3 / Xbox 360|游戏 / 冒险 / 动作|9.2|侠盗猎车手4 Grand Theft Auto IV|https://www.douban.com/game/10749581/|50|就记得一次进高中年级组长办公室，他老人家扛着火箭筒在杀条子呢。。。|Storm_Rider_Z|2278|https://img3.doubanio.com/lpic/s29460744.jpg
30246758|PC / Mac / PS4 / Xbox One / Nintendo Switch / Linux|游戏 / 模拟 / 动作|9.2|胡闹厨房2 Overcooked! 2|https://www.douban.com/game/30246758/|50|连麦玩，喊到脑充血，玩一会儿要暂停听佛经消火|Jasper|1686|https://img3.doubanio.com/lpic/s29791996.jpg
26652745|PC / PS4|游戏 / 冒险 / 动作|9.2|底特律：成为人类 Detroit: Become Human|https://www.douban.com/game/26652745/|50|建议增加“看过”|嬛嬛的玫瑰簪子|4594|https://img3.doubanio.com/lpic/s29705432.jpg
10751372|PC / Mac / Android / Xbox / Linux|游戏 / 冒险 / 动作|9.2|半条命2 Half-Life 2|https://www.douban.com/game/10751372/|50|无法遏制的赞美，半条命全系列通关了一遍又一遍…周边都买遍了，重力枪我也有，就问你怕不怕！|Innerself|1149|https://img3.doubanio.com/lpic/s9117620.jpg
11479772|FC/NES/红白机|游戏 / 横版过关 / 动作|9.2|忍者龙剑传III 黄泉的方舟 忍者龍剣伝III 黄泉の方船|https://www.douban.com/game/11479772/|50|有些游戏确实是，年轻的时候错过就永远错过了..|白菜村副村长|565|https://img3.doubanio.com/lpic/s28460145.jpg
26376717|PC|游戏 / 即时战略 / 冒险 / 动作|9.2|潘德的预言 Prophesy Of Pendor|https://www.douban.com/game/26376717/|45|当初玩这个导致挂了好多门啊。。|Zoophyte|38|https://img3.doubanio.com/lpic/s29300945.jpg
10756923|PC / Mac / Wii / 3DS / Nintendo Switch / PSP / NDS / Linux|游戏 / 横版过关 / 动作|9.2|洞窟物语 洞窟物語|https://www.douban.com/game/10756923/|50|"精简版只有1MB 3M是因为还有作者的自述文件
"|洛幻|284|https://img3.doubanio.com/lpic/s9124425.jpg
26741737|PC|游戏 / 射击 / 动作|9.2|东方非想天则 ～ 追寻特大型人偶之谜 东方非想天则 ～ 超弩级ギニョルの谜を追え|https://www.douban.com/game/26741737/|50|⑨！！！！！|香草小奶油|55|https://img1.doubanio.com/lpic/s29655648.jpg
21319740|PC / Mac / PS2|游戏 / 格斗 / 射击 / 动作|9.2|奥妮 Oni|https://www.douban.com/game/21319740/|50|绝对是一款被低估的游戏，但游戏显示渲染要求似乎很傲娇，多年后想要回味一直不能如愿。|_Gabriel|77|https://img3.doubanio.com/lpic/s24955182.jpg
26948810|PC / Mac / PS4 / Xbox One / Nintendo Switch / Linux|游戏 / 角色扮演 / 冒险 / 动作|9.2|以撒的燔祭：胎衣+ The Binding of Isaac: Afterbirth+|https://www.douban.com/game/26948810/|50|以撒前前后后大概买了三份，PS4、Steam还有NS，以前在主机上玩得最上火的时候总想要是能在掌机上玩以撒就好了。感谢NS圆了我这个梦。|宽松睡裤又如何|223|https://img1.doubanio.com/lpic/s29429307.jpg
27162667|PC / PS4 / PS3 / Nintendo Switch|游戏 / 角色扮演 / 冒险 / 动作|9.2|大神 绝景版 大神 絶景版|https://www.douban.com/game/27162667/|50|太美了。《大神》和《塞尔达风之杖》是我从小就因为画风觊觎的游戏，现在《大神》补票了，希望《风之杖》赶紧跟进。|Fornever|277|https://img3.doubanio.com/lpic/s29770520.jpg
10767520|FC/NES/红白机|游戏 / 乱斗/清版 / 角色扮演 / 体育 / 动作|9.2|热血街头篮球 加油 灌篮英雄们 熱血！すとりーとバスケット 〜がんばれ Dunk Heros〜|https://www.douban.com/game/10767520/|50|一球穿五篮乃最高境界~~~~~~~~~|天云の叶|679|https://img3.doubanio.com/lpic/s28460161.jpg
26371087|PS2|游戏 / 射击 / 模拟 / 动作|9.2|皇牌空战 零 Ace Combat Zero|https://www.douban.com/game/26371087/|50|第一部接触的ACE，超爱弗朗门戈空战风！直到现在我在各大网站的ID不是叫demonlord 就是 SolowingPixy|DemonLord|96|https://img3.doubanio.com/lpic/s28053102.jpg
26660805|PC|游戏 / 益智 / 冒险 / 动作|9.2|神秘视线5：重返乌鸦赫斯特庄园 MysteryCaseFiles:ReturntoRavenhear|https://www.douban.com/game/26660805/|45|全系列第五部，Ravenhearst相关的第二作|云璈|50|https://img1.doubanio.com/lpic/s28336367.jpg
10729897|FC/NES/红白机 / Arcade/街机|游戏 / 射击 / 动作|9.2|魂斗罗 魂斗羅|https://www.douban.com/game/10729897/|45|红白机上玩的第一个游戏。一人一个手柄，一人一个角色，搭档打通关。那个时候还是插卡的游戏机，这么多年过去了。现在已经有了模拟器了，虽然背景音乐还有些熟悉，但是感觉已经变了，一起打游戏的人也不在了。虽然真正好用的子弹只有散弹比较好用，但多种子弹的设计还是增添了趣味性。主要关卡为横板过关，但后视视角关卡，向上跳跃关卡的设计很有意思。虽然画面简陋，可现在仍可以拿出来时不时消遣一番，游戏性极强。|Max·Planck|6824|https://img3.doubanio.com/lpic/s29054993.jpg
26366093|Wii U / Nintendo Switch|游戏 / 冒险 / 动作|9.2|猎天使魔女2 Bayonetta 2|https://www.douban.com/game/26366093/|45|突然明白ns设置滑动屏幕进行攻击的意义何在了，那就是你可以用舌头通关这个游戏，我他妈舔爆！！！|莫罗罗才没有|538|https://img3.doubanio.com/lpic/s28112123.jpg
27069936|PC / PS4 / Xbox One|游戏 / 冒险 / 动作|9.2|奇异人生2 Life is Strange 2|https://www.douban.com/game/27069936/|45|游戏没出就开始打分你们是有病？|厉害猹|290|https://img3.doubanio.com/lpic/s29856295.jpg
27168682|PC / PS4 / Xbox One|游戏 / 角色扮演 / 冒险 / 动作|9.2|刺客信条：起源 DLC2-法老的诅咒  Assassin's Creed: Origins-The Curse of The Pharaohs|https://www.douban.com/game/27168682/|45|"在芦苇源和冥界，恍若隔世。那一瞬以为生者的世界是多么的单调与乏味。
打拉二的主线，奈芙塔丽的声音在耳边低声絮语，那一刻眼泪完全不能控制的流了下来。
这是我见过的最好的刺客信条的dlc。"|汐之private|194|https://img3.doubanio.com/lpic/s29964903.jpg
20394361|N64/任天堂64|游戏 / 冒险 / 动作|9.2|超级马里奥64 スーパーマリオ64|https://www.douban.com/game/20394361/|45|马里奥第一次3D化竟然能这么成功，一个又一个奇妙又吸引人的世界等着你去探索，其中的妙处只有你亲自玩过才会知道。游戏的深度非常可怕，只要你有耐心探索，它一定耐玩的让你惊讶。游戏的难度并不低，一次又一次的尝试让玩家找回初代马里奥的感觉。不管怎么说，这一作绝对是神作。|Tree|183|https://img1.doubanio.com/lpic/s28401279.jpg
10734094|PSP|游戏 / 角色扮演 / 动作|9.2|最终幻想7：核心危机 Crisis Core: Final Fantasy VII|https://www.douban.com/game/10734094/|45|我留了一个存档，一直没删，就是扎克斯和爱丽丝在教堂里，希望他们永远这样开心的在一起|大武|1608|https://img3.doubanio.com/lpic/s29832170.jpg
24530525|FC/NES/红白机|游戏 / 动作 / 射击|9.2|加纳战机 Gun-Nac|https://www.douban.com/game/24530525/|45|3号和4号弹是我觉得最好用的。|kenosis|164|https://img3.doubanio.com/lpic/s28460272.jpg
26253018|PC / Mac / iPhone / iPad / PS4 / Xbox One / Wii U / PSV/PS Vita / 3DS / Nintendo Switch / Linux|游戏 / 乱斗/清版 / 射击 / 角色扮演 / 冒险 / 动作|9.2|以撒的燔祭：重生 The Binding of Isaac: Rebirth|https://www.douban.com/game/26253018/|45|亲爱的日记：我好像死了，死于手残|無人島天子|1256|https://img3.doubanio.com/lpic/s28056824.jpg
10789552|PC / iPhone / iPad / Android / PS4 / PS3 / Xbox 360 / Wii / PS2 / Xbox / PSV/PS Vita / Nintendo Switch / Arcade/街机 / Neo Geo|游戏 / 射击 / 动作|9.2|合金弹头3 メタルスラッグ3|https://www.douban.com/game/10789552/|45|如果系列停在三代，那么合金弹头就是不朽的了|？！|1600|https://img1.doubanio.com/lpic/s29250088.jpg
26379030|PS3 / PS2 / Xbox|游戏 / 冒险 / 动作|9.2|零·红蝶 零～红い蝶～|https://www.douban.com/game/26379030/|45|鬼游戏的经典，不得不说的照相机当武器的想出来的人简直了！！！初中有一年吓的不敢睡觉跟妈妈睡。真的是一年，后来终于玩了结局哭瞎，然后也不再害怕了。于是开始关注零系列的所有故事，带着妹妹和闺蜜一起入坑，人生的第一次cosplay也是它，那个时候都不知道什么是cos呢。我的天哪！！！|广州哥斯拉|280|https://img3.doubanio.com/lpic/s28061164.jpg
11629338|PC|游戏 / 文字冒险 / 角色扮演 / 动作|9.2|BALDR SKY Dive1“LostMemory”|https://www.douban.com/game/11629338/|45|作为前半篇故事的Dive1，虽然情节到最后也还未触及核心剧情，但也已经够吸引我的了。特别作为Dive1结尾的千夏线，后期战斗让人热血沸腾，不过后来我再用完美存档跳过来重温这些战斗的时候，由于打得太轻松，找不到以前跟BOSS缠斗的感觉了。|Neil|80|https://img3.doubanio.com/lpic/s11290530.jpg
21339785|PC / Mac / PS4 / PS3 / PSV/PS Vita / Linux|游戏 / 动作|9.2|迈阿密热线 Hotline Miami|https://www.douban.com/game/21339785/|45|"OST
https://soundcloud.com/devolverdigital/sets/hotline-miami-official"|葛温|489|https://img3.doubanio.com/lpic/s28051342.jpg
26855597|PC / PS4 / Xbox One / Nintendo Switch|游戏 / 模拟 / 动作|9.2|胡闹厨房 Overcooked!|https://www.douban.com/game/26855597/|45|摇杆儿真是愁死人，越着急越对不准|杏仙|2014|https://img3.doubanio.com/lpic/s29602831.jpg
27158274|PC|游戏 / 即时战略 / 策略 / 动作|9.1|全面战争：战锤2 Total War: WARHAMMER II|https://www.douban.com/game/27158274/|45|一代还在热卖，2代就出来了，确实比一代精致多了，但是就几个种族可以玩，估计后面要出1000个DLC来卖，每个种族4.99$|"螃蟹|BKBS"|208|https://img1.doubanio.com/lpic/s29626278.jpg
26306857|PC / Mac / PS4 / PS3 / PSV/PS Vita / Linux|游戏 / 动作|9.2|迈阿密热线2：空号 Hotline Miami 2: Wrong Number|https://www.douban.com/game/26306857/|45|神一般的续作，好多地方还是难到飞起。保持原作精神却又丰富游戏性。创作者到最后已经不是想讲一个具体的故事了，更多的是对人性深处对暴力的渴求的探讨。打起来如毒品一般。多打一会儿立即杀红眼。一口气通关后，打到指关节疼，就和真的去屠了一栋楼一样。让人对自己被唤起的兽性感到不寒而栗。|Michael JZ|340|https://img3.doubanio.com/lpic/s28051582.jpg
26290272|PC / PS4 / Xbox One / PS3 / Xbox 360|游戏 / 射击 / 冒险 / 动作|9.2|合金装备索利德5：幻痛 Metal Gear Solid V: The Phantom Pain|https://www.douban.com/game/26290272/|45|我用我勤劳的双手玩了300个小时！我关掉了设置里的敌人标记！我屏蔽了设置里敌人察觉的方向！我把夜间对比度调到最低！我故意走敌人最多的大路！我坚持不使用麻醉枪！我用最惊险的方法绕过敌人！我抽烟到6点、12点、18点、24点四个时间各玩一遍！我把东边、南边、西边、北边每条路都走一遍！|小破仑。建造中|2971|https://img3.doubanio.com/lpic/s28045405.jpg
26366273|PSP|游戏 / 横版过关 / 益智 / 冒险 / 动作|9.2|乐克乐克 LocoRoco|https://www.douban.com/game/26366273/|45|高中女同桌最爱玩的游戏。我对这个游戏无感，我一直留在psp里没删，就是等着在学校时，能给她玩，能看她笑。后来高三下学期，为了她好，我和一个爱学习的男生换了座位，想着能带动她学习。可是她当时好像还怪我。。|暗先生|609|https://img3.doubanio.com/lpic/s29771905.jpg
26844032|PC / PS3 / Xbox 360|游戏 / 射击 / 格斗 / 竞速 / 角色扮演 / 冒险 / 动作|9.2|侠盗猎车手4：夜生活之曲 Grand Theft Auto:The Ballad Of Gay Tony|https://www.douban.com/game/26844032/|45|冲着可以在夜总会的厕所做不可描述的份上。。。|派翠克|81|https://img3.doubanio.com/lpic/s28925405.jpg
10744991|PC / Mac / PS4 / Xbox One / Wii U / PS3 / Xbox 360|游戏 / 冒险 / 动作|9.1|蝙蝠侠：阿卡姆之城 Batman: Arkham City|https://www.douban.com/game/10744991/|45|疯人院是惊喜，之城是惊叹！细节多到炸！2017.3.29二周目，丑爷清唱Only You催人泪下，光和黑暗，相映相生|Sullivan|1639|https://img3.doubanio.com/lpic/s9107741.jpg
10767496|FC/NES/红白机 / GBA / PC-Engine|游戏 / 格斗 / 角色扮演 / 动作冒险 / 乱斗/清版 / 动作|9.1|热血物语 ダウンタウン熱血物語|https://www.douban.com/game/10767496/|45|为什么最后大门不开，因为有的场景隐藏着一对BOSS，记得要打两次，又一次是往回走才能打到。大门开了之后，解决学校三层就快通关了。我的发小为了攒满钱的存档，居然一直在玩……|陈四喜|816|https://img3.doubanio.com/lpic/s29462200.jpg
25899591|PC / Mac / Xbox|游戏 / 横版过关 / 益智 / 动作|9.1|战斗砖块剧场 BattleBlock Theater|https://www.douban.com/game/25899591/|45|真的建议用手柄玩。如果是十分制，自己一个人玩我给八分，和基友玩我给九分，和女朋友玩的话，可以给十一分么？|Aikoooo|819|https://img3.doubanio.com/lpic/s27296496.jpg
11599310|PC / Mac|游戏 / 横版过关 / 射击 / 动作|9.2|爵士兔 Jazz2|https://www.douban.com/game/11599310/|45|双打什么的童年回忆啊那啥。|土豆试着用粤语|38|https://img3.doubanio.com/lpic/s28119010.jpg
26434304|PC|游戏 / 动作|9.1|鸭子游戏 Duck Game|https://www.douban.com/game/26434304/|45|小霸王游戏回潮了，old school万岁！！！！|白泽|56|https://img3.doubanio.com/lpic/s28119062.jpg
25844992|PC / PS4 / Xbox One|游戏 / 角色扮演 / 冒险 / 动作|9.1|蝙蝠侠：阿卡姆骑士 Batman: Arkham Knight|https://www.douban.com/game/25844992/|45|谜语人滚粗哥谭|fqq|1687|https://img3.doubanio.com/lpic/s28107570.jpg
23992799|PC / iPhone / iPad / Android / Arcade/街机 / Neo Geo|游戏 / 射击 / 动作|9.1|合金弹头2 メタルスラッグ2|https://www.douban.com/game/23992799/|45|堕变木乃伊，吃成大胖墩，还有会发波的爱秀老头，满溢奇思妙想的趣味性。面对歪杏仁攻势人类放下恩怨一致对外，最终头目战效果壮绝，上一刻还在兵戎相见的敌方喽啰此时也焕发出一身英雄气概，还有最后那义无反顾的神风撞机，敬他们是条好汉。|爱的镇魂歌|1092|https://img3.doubanio.com/lpic/s29250082.jpg
10755861|PC / Mac / iPhone / iPad / Android / PS4 / Xbox One / Wii U / PS3 / Xbox 360 / PSV/PS Vita / 3DS|游戏 / 横版过关 / 冒险 / 动作|9.1|泰拉瑞亚 Terraria|https://www.douban.com/game/10755861/|45|永远不要尝试在考试之前玩泰拉瑞亚..你会发现时间一下子就没了|清云晓雾|1372|https://img3.doubanio.com/lpic/s9124434.jpg
10739286|PC / Wii U / PS3 / Xbox 360|游戏 / 射击 / 角色扮演 / 冒险 / 动作|9.1|质量效应3 Mass Effect 3|https://www.douban.com/game/10739286/|45|"质量效应三部曲在我心中绝对是最完美的完结三部曲。
如此宏大而精致的世界观设定，如此完善而吸引人的沙盒玩法，探讨文明的发展和轮回的大主题，质量效应三部曲绝对是第九艺术的完美代表。"|metaphor.|1424|https://img3.doubanio.com/lpic/s9112405.jpg
24741160|Xbox One / PS3 / Xbox 360 / PSP|游戏 / 射击 / 冒险 / 动作|9.1|合金装备索利德：和平行者 Metal Gear Solid: Peace Walker|https://www.douban.com/game/24741160/|45|PSP时代的完美句号|A|554|https://img3.doubanio.com/lpic/s29296656.jpg
26732278|PC / Xbox One|游戏 / 冒险 / 动作|9.1|克林巴 Kalimba|https://www.douban.com/game/26732278/|45|大型精分现场|鹧山TIE|59|https://img3.doubanio.com/lpic/s29212055.jpg
27041950|PC / Android|游戏 / 横版过关 / 即时战略 / 格斗 / 策略 / 动作|9.1|死神vs火影 Bleach VS Naruto|https://www.douban.com/game/27041950/|45|这虽是一个flash小游戏，但是它能够坚持十年，一是童年的情怀，二是其中所暗含的精髓是很多现代游戏所不能比拟的。|天之|100|https://img3.doubanio.com/lpic/s29485884.jpg
19935275|PC / iPhone / Android / PS2 / Nintendo Switch / PS / SS/世嘉土星 / Arcade/街机 / Neo Geo|游戏 / 车辆战斗 / 射击 / 动作|9.1|合金弹头 メタルスラッグ|https://www.douban.com/game/19935275/|45|走位在这款游戏里是首要学问，一币通关与十币通关的区别。|马书书|2272|https://img3.doubanio.com/lpic/s29250085.jpg
26767440|3DS|游戏 / 动作|9.1|星之卡比：机器人星球 星のカービィ ロボボプラネット|https://www.douban.com/game/26767440/|45|比前作好 比近作好 卡比做这么多事只是为了有个好的睡眠环境而已|re00319|178|https://img3.doubanio.com/lpic/s28607942.jpg
26375594|GBA|游戏 / 角色扮演 / 冒险 / 动作|9.1|塞尔达传说 众神的三角力量&四支剑 ゼルダの伝説 神々のトライフォース&4つの剣|https://www.douban.com/game/26375594/|45|下次 要试试。。。等下。。四支剑怎么搞|硝|105|https://img3.doubanio.com/lpic/s28057812.jpg
11501424|FC/NES/红白机|游戏 / 格斗 / 乱斗/清版 / 动作|9.1|SD快打旋风 Mighty Final Fight|https://www.douban.com/game/11501424/|45|Cody和Guy比较强悍，尤其是Guy，除了最后那关外，每关Boss都有致命的行动规律，需要提防的是戴贝雷帽的杂兵，很厉害，模拟器重玩的时候发现那个带块头原来是女主的爸爸……|汝就做吾的犬吧|661|https://img3.doubanio.com/lpic/s28094502.jpg
27068383|PC / PS4 / Xbox One|游戏 / 角色扮演 / 动作|9.1|怪物猎人 世界 モンスターハンター：ワールド|https://www.douban.com/game/27068383/|45|"记录一下这个可能会载入中国电子游戏史的时刻。
2018年8月13号，上午8点，Wegame平台官方发布公告，因“相关政府管理部门接到大量举报……现执行下架整改，停止游戏售卖”。
曾引发无数争议的wegame版MHW宣告夭折，享年4天19小时。"|某科学愁思郎|2469|https://img3.doubanio.com/lpic/s29552023.jpg
23009950|Xbox 360 / SS/世嘉土星|游戏 / 乱斗/清版 / 动作|9.1|守护英雄 Guardian Heroes|https://www.douban.com/game/23009950/|45|ss模拟器 treasure太为玩家着想了。 乐趣无穷。|阿兰若|48|https://img1.doubanio.com/lpic/s26036929.jpg
30245974|Nintendo Switch|游戏 / 益智 / 模拟 / 动作|9.1|超级马力欧派对 Super Mario Party|https://www.douban.com/game/30245974/|45|太开心了玩起来！只是。。没有朋友，一个人玩马趴，只感觉是一个人对着一群AI在傻笑。。笑后只有死一样的冷寂|代号273|666|https://img3.doubanio.com/lpic/s29791791.jpg
21726040|PC / Mac / PS4 / Xbox One / PS3 / Xbox 360 / Linux|游戏 / 射击 / 冒险 / 动作|9.1|古墓丽影 Tomb Raider|https://www.douban.com/game/21726040/|45|对于严重强迫症的我实在是太痛恨那些我能看到的箱子。|snake雄羽|6383|https://img3.doubanio.com/lpic/s25805601.jpg
10729917|PC / Mac / PS|游戏 / 角色扮演 / 策略 / 动作|9.1|暗黑破坏神 Diablo|https://www.douban.com/game/10729917/|45|四年级小学机房，计算机课三人开房，打着打着看见屠夫直接尿了，真的是尿了，四年级，是的，尿了。|tiantianquan|1105|https://img3.doubanio.com/lpic/s29294484.jpg
10734086|PC / PS3 / Xbox 360|游戏 / 冒险 / 动作|9.1|刺客信条：启示录 Assassin's Creed: Revelations|https://www.douban.com/game/10734086/|45|"13-04-28
从11年12月安装上电脑，几经周折，终于打通了启示录。
《启示录》作为阿泰尔和艾吉奥故事的收尾，可以说是相当好的。阿泰尔，刺客组织的先驱者，最终将自己锁死在图书馆里，等待着未来那个注定回来的人；而艾吉奥，在见到图书馆里的圣物后最后的质问，也让人不禁感叹命运的无奈 好在他完成任务以后就和索菲亚妹子隐退去过没羞没躁的生活了 
每次拿到马西亚夫钥匙进入阿泰尔的故事，看到玛利亚离他而去，看到他自我放逐离开马西亚夫，最后看到他告别儿子设置好机关，石门降下，放好金苹果自己一步一步挪到椅子上坐下，镜头一转已是200多年后，旧人已成白骨，艾吉奥来到他的身前，让人感叹时空的无情……
而看到最后艾吉奥隔空向戴斯萌说话，不禁令人胸中郁郁难言。命运将他从一个纨绔子弟变成刺客宗师，父兄殒命真爱难寻，仅仅是因为神需要"|blank cat|2616|https://img3.doubanio.com/lpic/s9090310.jpg
26771824|PC / PS4 / Xbox One|游戏 / 第一人称射击 / 大型多人在线 / 动作|9.1|泰坦陨落2 Titanfall 2|https://www.douban.com/game/26771824/|45|"知乎上看到一个说法是它跟耻辱2撞车的时空穿越关创意都来自HL3废案…虽然跟耻辱的节奏侧重完全不同，但立体关卡的设计以及“爬墙”的手感还真是很熟悉。泰坦与机师风格迥异又互相补充，不管是飞檐走壁还是近战处决动作都非常酷，甚至还可以骑乘在队友的泰坦头上协同作战或者拔出敌方泰坦的电池——莫名想到耻辱一代里可以闪现或者二段跳到高跷小子（正好也是那个世界观里的外骨骼机甲）头上然后用跳杀处决的玩法。王道的单人战役剧情作为玩法的舞台挺合适的，BOSS出场的特写镜头也很棒。
大概要变成我最喜欢的FPS了吧，没有火起来真是太可惜了（"|ハルマキ|1109|https://img3.doubanio.com/lpic/s29125860.jpg
10734141|PC|游戏 / 模拟 / 角色扮演 / 冒险 / 动作|9.1|骑马与砍杀 Mount & Blade|https://www.douban.com/game/10734141/|45|即便这个游戏是如此的粗糙，而且已经过了如此多的年头，但仍未有其他任何一个游戏能够在中世纪的领域超过它——全战系列可以除外，但那是另外一个概念的事情了。|lyt777|1613|https://img1.doubanio.com/lpic/s10414019.jpg
26740380|PC|游戏 / 益智 / 冒险 / 动作|9.1|荒原狼：X生物计划 Steppenwolf: The X-Creatures Project|https://www.douban.com/game/26740380/|45|男主和米勒山庄的男主堪称童年两大男神|仰木高耶|25|https://img3.doubanio.com/lpic/s28487193.jpg
21351249|MD/世嘉五代|游戏 / 横版过关 / 射击 / 动作|9.1|火枪英雄 ガンスターヒーローズ|https://www.douban.com/game/21351249/|45|永不过时的经典！合金弹头遇上它也要退让几分。。。|残响死灭|123|https://img3.doubanio.com/lpic/s29794624.jpg
26788812|PC / PS4 / Xbox One|游戏 / 第一人称射击 / 射击 / 冒险 / 动作|9.1|战地1 Battlefield 1|https://www.douban.com/game/26788812/|45|EA用实际行动告诉你，每次都进步一点，不多年后，做到细分品类第一，吊打原来的领头羊。|JZ|2479|https://img3.doubanio.com/lpic/s29321584.jpg
26591429|PC / PS4 / Xbox One|游戏 / 角色扮演 / 动作|9.1|骑马与砍杀2：领主 Mount & Blade II: Bannerlord|https://www.douban.com/game/26591429/|45|骑马砍杀发售日，家祭无忘告乃翁。|瓦晴|54|https://img1.doubanio.com/lpic/s28275539.jpg
25730613|PC / iPhone / Android / PS / Arcade/街机 / Neo Geo|游戏 / 射击 / 动作|9.1|合金弹头X メタルスラッグX|https://www.douban.com/game/25730613/|45|是第一代，也是最浪漫的一代|RATS|712|https://img1.doubanio.com/lpic/s29777779.jpg
26586946|3DS|游戏 / 动作|9.1|怪物猎人X モンスターハンタークロス|https://www.douban.com/game/26586946/|45|我真心奉劝各位青少年朋友别碰这个。。。|pandemonium|512|https://img3.doubanio.com/lpic/s29432710.jpg
10764395|MD/世嘉五代|游戏 / 角色扮演 / 动作|9.1|光之继承者 スト－リ－ォプトァ～光を継ぐ者～|https://www.douban.com/game/10764395/|45|影子精灵是一个神奇的存在|低端X口帝琉苏|61|https://img1.doubanio.com/lpic/s10175659.jpg
10734088|PS|游戏 / 冒险 / 动作|9.1|寂静岭 Silent Hill|https://www.douban.com/game/10734088/|45|这不是恐怖游戏。嗯，这甚至不是游戏。这是以游戏为载体构成的综合暗系艺术作品大集。|砖头叔|671|https://img3.doubanio.com/lpic/s26347900.jpg
10772004|NDS|游戏 / 模拟 / 角色扮演 / 冒险 / 动作|9.1|符文工房3 ルーンファクトリー3|https://www.douban.com/game/10772004/|45|还挺喜欢那几个妹子的/ ▽\不如说男主本身就像个妹子~（等|暖呼呼队长🍀|197|https://img1.doubanio.com/lpic/s10233698.jpg
26128266|3DS|游戏 / 角色扮演 / 动作|9.0|怪物猎人4G モンスターハンター 4G|https://www.douban.com/game/26128266/|45|这游戏的神奇之处就在于买了它之后我基本再没碰过其他的卡带|钢铁洪流萨鲁曼|491|https://img3.doubanio.com/lpic/s28103212.jpg
25742896|PS|游戏 / 横版过关 / 动作|9.0|古惑狼 Crash Bandicoot|https://www.douban.com/game/25742896/|45|今年是我沉迷《古惑狼》整整20周年，一直以来，早就想写个怀旧贴，所以就趁着这个机会补充完善一下。 1996年，本人所在的湖北省三线城市，开始流行了“电脑游戏厅”和”光碟游戏厅“，我当时14岁，上初三/高一（也可能是1997年），当时我一直是FC的玩家，所有人都在换黄卡换来换去，全城没有见过除了FC以外的游戏机，我说的是SFC和MD之类的。大家都在玩FC，或者街机。很奇怪，我对街机就是提不起来兴趣，街机流行的FTG我不喜欢，横板过关斩将的我觉得没有意思，三国志我从来没打穿过，合金弹头什么的也懒得碰，打飞机的1945雷电之类的也不喜欢玩，麻将游戏也不懂。但是在家里，FC还是很喜欢玩的。 1996年/1997年，街上同时开了十几家“电脑游戏厅”和“光碟游戏厅”，我去看了电脑游戏厅，那个时候还没有网络，还不叫网吧，电脑系统还是DOS和WIN95，游戏我记得的流行的有《古墓丽影1》《暗黑1》《毁灭公爵》《沙丘》《红色警戒》《大富翁》等...........没有一个我喜欢玩的，就很少去。再去看看“光碟游戏厅”，惊呆了，竟然还有这种画面级别的游戏！！！3D的，写实的！！《生化危机2》《铁拳》《山脊赛车》《古惑狼2》《前线任务》等等各种3D游戏！！！！还有两个人在同一个屏幕上开着各种稀奇古怪的带有武器的车辆的对战的游戏很流行。还有很多很多，最起码上百种光盘可以选择！！！！牛逼了，我操了！！！于是就迷上了“光碟游戏”，后来才知道这叫TVGAME。从此以后，直到现在，我没有在PC上玩过任何一个游戏！包括网络游戏，包括星际争霸，魔兽世界，暗黑2,3等，我碰都没碰过！面对着电脑，我是没有任何兴趣玩下去游戏的。长期以来，我只玩掌机和家用机，任天堂的所有机器全买，sony的全部机器全买。 1996年开始，别人玩得最多的是《生化危机2》，进去10台机器，有最少6台都在玩《生化危机2》，而我，一直以来都是浅尝辄止，生化危机全系列，我只打穿了3代和3DS启示录1代。 我玩的最多的就是《古惑狼2》，再到1997年《古惑狼3》，再到后来叫老板找了《古惑狼1》才玩了1代。 我可以拍胸脯说，在我们本地那个三线城市，玩《古惑狼》技术最高的就是我！没有人能玩的过我！|蛇狸|174|https://img1.doubanio.com/lpic/s27084239.jpg
10793808|MD/世嘉五代 / FC/NES/红白机 / GB / Arcade/街机 / AMI|游戏 / 动作|9.0|雪人兄弟 スノーブラザーズ|https://www.douban.com/game/10793808/|45|为了玩这些游戏，当年可谓煞费苦心三十六计七十二招纵横捭阖冒着被责骂的危险干着拖垮成绩的风险天天乐此不疲夜以继日的忘情玩乐。|爆seed|1316|https://img3.doubanio.com/lpic/s28460176.jpg
10745224|iPhone / iPad / Android / Nintendo Switch / NDS|游戏 / 角色扮演 / 动作|9.0|美妙世界 すばらしきこのせかい|https://www.douban.com/game/10745224/|45|期待switch重制！|九条糖|336|https://img3.doubanio.com/lpic/s9108602.jpg
26347612|GBA|游戏 / 策略 / 动作|9.0|高级战争2：黑洞的升起 Advance Wars 2: Black Hole Rising|https://www.douban.com/game/26347612/|45|在高战2面前，其他一切家用机+掌机战棋都是渣渣。|lyt777|135|https://img3.doubanio.com/lpic/s29799036.jpg
26437651|PS4|游戏 / 射击 / 冒险 / 动作|9.0|神秘海域：德雷克合集 Uncharted: The Nathan Drake Collection|https://www.douban.com/game/26437651/|45|应该是排战神后最爱的游戏|睡神|1470|https://img3.doubanio.com/lpic/s29296643.jpg
26339720|GBA|游戏 / 横版过关 / 射击 / 冒险 / 动作|9.0|银河战士：零点任务 メトロイド ゼロミッション|https://www.douban.com/game/26339720/|45|自己虽然是在玩过《恶魔城》系列之后才接触《银河战士》的，但其实后者才是横版动作解密类游戏的始祖。本作关卡设计精良，配合各种道具营造出了丰富的玩法，剧情也足够吸引人，在 GBA 上绝对值得一玩。|低价值用户Kar1|145|https://img3.doubanio.com/lpic/s28397005.jpg
26615833|PS4 / PS3 / PSV/PS Vita / Nintendo Switch|游戏 / 模拟 / 角色扮演 / 冒险 / 动作|9.0|勇者斗恶龙 创世小玩家 阿雷夫加尔德复兴记 ドラゴンクエストビルダーズ アレフガルドを復活せよ|https://www.douban.com/game/26615833/|45|玩这款和文明6,基本上这辈子就过去了|Jocolis|479|https://img3.doubanio.com/lpic/s28421580.jpg
26368528|FC/NES/红白机|游戏 / 冒险 / 动作|9.0|高桥名人的冒险岛3 高橋名人の冒険島III|https://www.douban.com/game/26368528/|45|小时候最喜欢骑火龙和飞龙了！|[已注销]|429|https://img3.doubanio.com/lpic/s28511375.jpg
30237482|PC / PS4 / Xbox One|游戏 / 角色扮演 / 冒险 / 动作|9.0|刺客信条：奥德赛 Assassin's Creed Odyssey|https://www.douban.com/game/30237482/|45|70小时后不想再玩了。某段剧情越玩越像巫师？但还是很快乐的，做同性恋佣兵骑着纯白独角兽，踏着彩虹吻遍伯罗奔尼撒每一位勇敢的妇女。|二丁目艺仔|1744|https://img3.doubanio.com/lpic/s29791156.jpg
26830728|PC / PS3 / Xbox 360|游戏 / 第一人称射击 / 冒险 / 动作|9.0|耻辱：布莱格摩尔的女巫 Dishonored: Brigmore Witches|https://www.douban.com/game/26830728/|45|以为不用潜行了，没放过一个敌人，最后被科沃杀掉，天道好轮回。|ｃhecｙ㍿˙Ꙫ˙|76|https://img3.doubanio.com/lpic/s28870195.jpg
26890275|PC|游戏 / 角色扮演 / 冒险 / 动作|9.0|金庸群侠传2|https://www.douban.com/game/26890275/|45|我估计偷了上千次易筋经了:-)|解压|166|https://img3.doubanio.com/lpic/s29466055.jpg
26347174|GBA|游戏 / 角色扮演 / 动作|9.0|马里奥与路易基RPG マリオ&ルイージRPG|https://www.douban.com/game/26347174/|45|Final boss是pure evil design，他妈的|轩哗屋|178|https://img3.doubanio.com/lpic/s28062206.jpg
11610668|Arcade/街机|游戏 / 乱斗/清版 / 动作|9.0|三国战纪|https://www.douban.com/game/11610668/|45|115 117有bug 119正宗天王难度单人通诸葛亮刷到700w上就是跨省级高手。【不巧在下···】之风云再起开发的连击新系统真是新大陆般的存在，乱世枭雄的武神传说还不如hardest有难度，不过武将模式赞爆。32的群雄、盖世由于系统的更正降低了游戏的乐趣。才不承认七星转生呢！|菠萝菠萝哒|578|https://img1.doubanio.com/lpic/s29312349.jpg
10735207|GBA|游戏 / 横版过关 / 动作|9.0|洛克人Zero 3 ロックマンゼロ3|https://www.douban.com/game/10735207/|45|难度不高，但隐藏要素较多，似乎是全收集到了……强化属性、技能升级之类的小创意让可玩性增加了不少，但Zero挥剑的质感和潇洒程度不及X系列，喜欢反派三天王里蓝色的那个姑娘，原本觉得会和Zero有感情戏，想不到还是酱油掉了……|汝就做吾的犬吧|183|https://img3.doubanio.com/lpic/s29341431.jpg
26929779|PC|游戏 / 角色扮演 / 冒险 / 动作|9.0|巫姆泡泡 Wuppo|https://www.douban.com/game/26929779/|45|贼好玩 画风可爱 推荐选择简单模式 把它完成休闲解密探险找彩蛋的游戏 不追求难度。有些重要节点对二段跳操作有严格要求 跳不上去求别人帮忙|有些话不必问。|49|https://img1.doubanio.com/lpic/s29200248.jpg
19975732|PC|游戏 / 乱斗/清版 / 角色扮演 / 动作 / 第一人称射击|9.0|吸血鬼之避世血族 Vampire: The Masquerade - Bloodlines|https://www.douban.com/game/19975732/|45|选择影响剧情，早期言行影响最终结局的优秀典范。此外还能一睹malkavian的神棍风范。此外还是辐射三棍的遗作。|phantasma|40|https://img3.doubanio.com/lpic/s22717686.jpg
10762337|PC|游戏 / 角色扮演 / 动作|9.0|魔法门6：天堂之令 Might and Magic VI: The Mandate of Heaven|https://www.douban.com/game/10762337/|45|听着那个背景音乐，哭了|山东徐州落榜生|151|https://img1.doubanio.com/lpic/s10152167.jpg
19935348|PSP / PS|游戏 / 角色扮演 / 动作|9.0|永恒传说 テイルズ オブ エターニア|https://www.douban.com/game/19935348/|45|法拉的职业 是农民，看设定集的时候被这个轻雷了下。|化熊出爪|166|https://img1.doubanio.com/lpic/s11504568.jpg
26927660|PS4|游戏 / 射击 / 冒险 / 动作|9.0|神秘海域：失落的遗产 UNCHARTED: The Lost Legacy|https://www.douban.com/game/26927660/|45|如果游戏都能做成这个水准我还看毛线电影|Pronoia|1140|https://img3.doubanio.com/lpic/s29475445.jpg
10772143|Xbox 360|游戏 / 射击 / 动作 / 第一人称射击|9.0|光环：致远星 Halo: Reach|https://www.douban.com/game/10772143/|45|光晕中觉得是最好的一部。身边队友一个一个离你而去，这种感觉很悲壮。记得很清楚，最后一个任务，你孤身一人面对源源不断的敌人……最终闭上了眼睛，耳边响起英雄的赞美诗……|ホープ|263|https://img3.doubanio.com/lpic/s29326270.jpg
26347436|Wii / PS2|游戏 / 格斗 / 动作|9.0|龙珠Z：电光石火3 ドラゴンボールZ Sparking! METEOR|https://www.douban.com/game/26347436/|45|这以后，再没有对其他以龙珠为ip的pvp格斗游戏正眼看过了。|椽到樵头|96|https://img3.doubanio.com/lpic/s28031153.jpg
26983425|PC / Mac / PS4 / Xbox One / Nintendo Switch / Linux|游戏 / 横版过关 / 冒险 / 动作|9.0|死亡细胞 Dead Cells|https://www.douban.com/game/26983425/|45|从零开始的异世界|萧篆|811|https://img3.doubanio.com/lpic/s29449844.jpg
10751016|FC/NES/红白机 / Arcade/街机|游戏 / 射击 / 动作|9.0|超级魂斗罗 Super魂斗羅 エイリアンの逆襲|https://www.douban.com/game/10751016/|45|上上下下左左右右BABA|满大人|813|https://img3.doubanio.com/lpic/s29054994.jpg
10752192|PSP|游戏 / 动作|9.0|我们的块魂 僕の私の塊魂|https://www.douban.com/game/10752192/|45|最爱的游戏，木有之一！颠覆了以往全部的游戏观。|蜜兜|89|https://img1.doubanio.com/lpic/s28062267.jpg
26426281|PC / PS4 / Xbox One|游戏 / 角色扮演 / 动作|9.0|尼尔：自动人形 NieR: Automata|https://www.douban.com/game/26426281/|45|为什么游戏能逐渐发展为艺术，因为它既是其他的艺术形式的综合，又具备了其他艺术所没有的，独一无二的表达形式。而这种形式，正慢慢成为游戏的语言。当我以为一周目A结局普普通通时，多周目多视角多结局和终极结局E，狠狠扇了我一耳光。真痛快。|吃胶片的考拉|3316|https://img3.doubanio.com/lpic/s29296635.jpg
26367949|PSV/PS Vita|游戏 / 角色扮演 / 动作|9.0|胧村正DLC第一弹  化猫 元禄怪奇譚 - 津奈缶猫魔稿|https://www.douban.com/game/26367949/|45|买了。为主人复仇的三花猫又好可爱，最开始比正作难一点点，连招不太好操作，升级了就好了|混蛋快学英语去|35|https://img3.doubanio.com/lpic/s28509284.jpg
10767895|3DS|游戏 / 动作|9.0|怪物猎人3G モンスターハンター3G|https://www.douban.com/game/10767895/|45|削弱的怪，蛋疼的水战，任地狱的主机，逆天的碎武器，噩梦般的四大鬼畜。这是一款只要你有3DS，你是爷们儿，你就必须要玩的游戏|Ninomae_|381|https://img3.doubanio.com/lpic/s29432713.jpg
10751264|PS3 / PS2 / PSP|游戏 / 竞速 / 动作|9.0|侠盗猎车手：罪恶都市物语 Grand Theft Auto: Vice City Stories|https://www.douban.com/game/10751264/|45|东海岸热带风情，电台经典老歌不断，流程没有自由城故事长，但加入了上代没有的经营要素。ps，演唱会任务印象深刻。|纨绔乖张|297|https://img3.doubanio.com/lpic/s29510053.jpg
26294534|Wii U / 3DS / Nintendo Switch|游戏 / 益智 / 动作|9.0|前进! 奇诺比奥队长 進め! キノピオ隊長|https://www.douban.com/game/26294534/|45|太好玩了吧，秀游戏性秀到飞起，我喜欢这个强烈超过奥德赛。难度循序渐进得恰到好处，就很好平衡了平台游戏与解密游戏之间的不同玩法，不管是轻度玩家还是硬核玩家，所有人都能从中找到乐趣，顶级箱庭我只服老任。但ballball老任学学卡婊，上完Wii U全家桶后快点炒制Wii第一方HD全家桶。不就是买吗，什么天空剑HD、马银HD统统给我来一发。|神迦乐小舞|406|https://img3.doubanio.com/lpic/s29816972.jpg
30157571|PC / PS4 / Xbox One|游戏 / 格斗 / 角色扮演 / 策略 / 动作|9.0|刺客信条探索之旅：古埃及 Discovery Tour by Assassin’s Creed: Ancient Egypt|https://www.douban.com/game/30157571/|45|阿育在历史人文这一块是无人能敌的|Erdong|57|https://img3.doubanio.com/lpic/s29704074.jpg
27068061|PC / PS4 / Xbox One|游戏 / 冒险 / 动作|9.0|逃出生天 A Way Out|https://www.douban.com/game/27068061/|45|看寅子和表哥联机玩居然给看哭了😢5555|开门查水表|380|https://img3.doubanio.com/lpic/s29475126.jpg
26660781|GBA|游戏 / 角色扮演 / 动作|8.9|召唤之夜：铸剑物语3 起源之石 サモンナイト クラフトソード物語 ～はじまりの石～|https://www.douban.com/game/26660781/|45|我的妈，那时候我都没有自己的GBA，没能通关刷六神器，有点悻悻。俱往矣。|-5bit ³|50|https://img1.doubanio.com/lpic/s28336347.jpg
11538698|PC / PS3 / Xbox 360 / PS2 / Xbox|游戏 / 射击 / 动作|9.0|杀手：血钱 Hitman: Blood Money|https://www.douban.com/game/11538698/|45|现在地上有个硬币，你会捡吗？|Delicatessen.|475|https://img3.doubanio.com/lpic/s11158485.jpg
26383404|MD/世嘉五代 / FC/NES/红白机 / Arcade/街机 / PC-Engine|游戏 / 横版过关 / 乱斗/清版 / 动作|9.0|双截龙2：复仇 ダブルドラゴンII ザ・リベンジ|https://www.douban.com/game/26383404/|45|红白机就是整个世界！|白菜村副村长|538|https://img3.doubanio.com/lpic/s29055133.jpg
20003146|PC / PS3 / PS2|游戏 / 射击 / 动作|9.0|鬼泣3 Devil May Cry 3|https://www.douban.com/game/20003146/|45|太难了！比鬼泣4难太多|呼啸而过的片叶|1553|https://img3.doubanio.com/lpic/s10321555.jpg
25730614|FC/NES/红白机|游戏 / 动作|8.9|忍者神龟3 T.M.N.T.2 ザ・マンハッタンプロジェクト|https://www.douban.com/game/25730614/|45|最喜欢用叉子的那个，一开大瞬间化身小钻风。下B能把小怪一下子挑死。|渭水徐公|779|https://img3.doubanio.com/lpic/s29266505.jpg
20438978|PC / PS3 / Xbox 360 / PS2 / Xbox|游戏 / 射击 / 动作|8.9|杀手：沉默刺客 Hitman:Silent Assassin|https://www.douban.com/game/20438978/|45|初中时代的回忆。经典之作。|七宝一丁|333|https://img3.doubanio.com/lpic/s24499852.jpg
10740700|PC / PS / SS/世嘉土星|游戏 / 横版过关 / 动作|8.9|洛克人X4 ロックマンX4|https://www.douban.com/game/10740700/|45|全隐藏要素制霸，包括血槽、学瓶、能量瓶、X的AB套盔甲，但至今未通关……喜欢用Zero远胜X，动作潇洒无比，此游戏钻研多年，可以一命通至最终BOSS的最终形态前，但最终BOSS何其变态，从高二开始，现大学毕业2年，大学期间每周一玩，至今未通关……|汝就做吾的犬吧|163|https://img1.doubanio.com/lpic/s29555867.jpg
11474076|PC / Mac / DC/Dreamcast|游戏 / 角色扮演 / 动作|8.9|银色幻想 Silver|https://www.douban.com/game/11474076/|45|2017年6月7日 上架steam。想玩的朋友们可以买到了。官方售价25。可惜没有官中。|colmeluna|82|https://img1.doubanio.com/lpic/s10874877.jpg
26333054|PS3 / Arcade/街机|游戏 / 格斗 / 动作|8.9|机动战士高达极限对决：全力加速 機動戦士ガンダム EXTREME VS. FULL BOOST|https://www.douban.com/game/26333054/|45|特意飞到东京玩了新作... 这游戏可以玩一辈子|KennyHaynes|47|https://img1.doubanio.com/lpic/s29601437.jpg
27185975|PS4 / Xbox One / Nintendo Switch|游戏 / 射击 / 冒险 / 动作|8.9|黑色洛城 重制版 L.A. Noire Remastered|https://www.douban.com/game/27185975/|45|如果你在 LA。或者曾經在過 LA。強烈建議玩一下這個遊戲。感受一下 1947 年加州充滿榮光的時代。那種古樸，爵士，榮譽感都被某些社會運動徹底摧毀了。加州不再是崛起了里根的地方。不再有一個個充滿美國風情的城市。4k HDR 版的畫面，音樂，人物表情全是電影工業級的。令人印象深刻|陰陽魚|78|https://img3.doubanio.com/lpic/s29610471.jpg
10735256|Arcade/街机|游戏 / 乱斗/清版 / 动作|8.9|恐龙快打 キャディラックス 恐竜新世紀|https://www.douban.com/game/10735256/|45|又一个童年经典，填补了名将之后的空虚。。最爱用黄帽|Max·Planck|1604|https://img3.doubanio.com/lpic/s26018225.jpg
26808143|PC / PS3 / Xbox 360|游戏 / 大型多人在线 / 冒险 / 动作|8.9|耻辱：顿沃之刃 Dishonored: The Knife of Dunwall|https://www.douban.com/game/26808143/|45|加上女巫那个DLC，两个比原作好，场景更丰富，难度比原作略高，剧情也很不错|Fakedxck|90|https://img1.doubanio.com/lpic/s28776907.jpg
10740720|PC / PS2 / PSP|游戏 / 角色扮演 / 益智 / 动作|8.9|双星物语 Zwei!!|https://www.douban.com/game/10740720/|45|次奧，這遊戲這麼多年了我從一個電腦的硬盤挪到另外一個電腦的硬盤打死都捨不得刪啊╥﹏╥... 【話說windows啟動音是從這遊戲裏面抄的？好像是GAME OVER還是RESTART的音樂……|Dissipator。|883|https://img1.doubanio.com/lpic/s29471827.jpg
10876587|GBA|游戏 / 角色扮演 / 动作|8.9|光明之魂2 シャイニング・ソウル II|https://www.douban.com/game/10876587/|45|最喜欢格斗狗狗|ヒカル|231|https://img3.doubanio.com/lpic/s10479163.jpg
27068063|PC / PS4 / Xbox One|游戏 / 冒险 / 动作|8.9|地铁：离去 Metro Exodus|https://www.douban.com/game/27068063/|45|硬核类了 真的有难度,给1星的真的玩这个游戏了吗?发行商傻逼跟游戏有什么关系???2月不少作品都扑了 目前也就地铁和文明6的新DLC算是值得入手的了|Mr.♑|229|https://img3.doubanio.com/lpic/s30010333.jpg
10764078|PSP / Arcade/街机|游戏 / 动作|8.9|机动战士高达：高达VS高达NEXT 機動戦士ガンダム ガンダムVS.ガンダムNEXT|https://www.douban.com/game/10764078/|45|"【故事模式通关】

我TM到现在才知道什么叫STEP"|Ranger|192|https://img1.doubanio.com/lpic/s29846227.jpg
26744578|PSV/PS Vita|游戏 / 角色扮演 / 动作|8.9|胧村正DLC第四弹 鬼娘 元禄怪奇譚 - 角隠女地獄|https://www.douban.com/game/26744578/|45|这弹虽然难度最低，但罗邪和整个故事实在太可爱了！！！！！！|有咖米|22|https://img3.doubanio.com/lpic/s28509321.jpg
10735236|PC / PS3 / Xbox 360|游戏 / 竞速 / 射击 / 动作|8.9|侠盗猎车手4：自由城之章 Grand Theft Auto: Episodes from Liberty City|https://www.douban.com/game/10735236/|45|我是GTA4大吧主！！！|养鸭高手|685|https://img3.doubanio.com/lpic/s10458245.jpg
11584290|PS2|游戏 / 角色扮演 / 冒险 / 动作|8.9|北欧女神2：希尔梅里亚 Valkyrie Profile 2: Silmeria|https://www.douban.com/game/11584290/|45|The Destinies mend rifts in time as Man etches fate anew.|化熊出爪|154|https://img3.doubanio.com/lpic/s28053244.jpg
24527236|PC / Mac / PS4 / Linux|游戏 / 横版过关 / 角色扮演 / 动作冒险 / 动作|8.9|星界边境 Starbound|https://www.douban.com/game/24527236/|45|starbound，对不起，我迟到了六年。|清云晓雾|381|https://img3.doubanio.com/lpic/s28050965.jpg
26688165||游戏 / 策略 / 动作|8.9|合金装备2：固蛇 Metal Gear 2: Solid Snake|https://www.douban.com/game/26688165/|45|"比起一代系统改进极多，基本具备了合金装备的一切要素，开发后的开场动画完胜FC，而演出电影化的尝试已经比松野早上三四年了……
机能有限才有潜行的风味，豆瓣怎么只有七分，粉丝失格啊。"|[已注销]|20|https://img1.doubanio.com/lpic/s28363879.jpg
26920192|PS4 / Xbox One / PS3 / Xbox 360|游戏 / 动作|8.9|刺客信条：艾吉奥合集 Assassin's Creed: The Ezio Collection|https://www.douban.com/game/26920192/|45|虽然刚上手时，差点因为二代的画质直接放弃，可到底是因为翡冷翠坚持下去了。如今跟着希腊上天下地也摔不死的Alexios在无聊的古墓里钻来钻去，忽然明白了为啥E叔是这样经典。|annie妖|198|https://img1.doubanio.com/lpic/s29168828.jpg
